-0.15447891	-0.39846972	-0.32753205	0.25289088	-0.5186923	0.07780578	0.40869546	0.38863596	0.10920488	0.43595865	0.23674217	-0.5145313	0.34326574	-0.23333248	0.44043845	-0.18891019	0.25315452	-0.04043039	0.7012534	0.14561035	-0.16706026	0.036857963	0.18341221	-0.3448409	-0.2075737
0.38187194	-0.48186362	-0.28611770000000003	0.09033558	-0.6284148	-0.22982953	0.31514546	1.005092	-0.01008572	0.4487528	0.40446946	-0.5601406999999999	0.6019595999999999	-0.17093724	0.42638844	0.5362246	0.39321178	0.27429664	0.29132178	-0.07353481	-0.534906	-0.06606077	-0.001529936	-0.05419323	0.21815210000000002
-0.2304893	-0.30319643	-0.36823177	0.28773454	-0.46609864	0.025664742999999997	0.34274074	0.37754688	0.116270885	0.42177495	0.16953623	-0.6201564	0.32924747	-0.31539834	0.3015805	-0.23881570000000002	0.29682848	0.05967349	0.5662497	0.30440690000000004	0.013925338999999998	0.1604115	0.033430424	-0.2949942	-0.18963167
0.007200043000000001	-0.34509670000000003	-0.29345325	-0.34672670000000005	-0.09220387	0.22269247	-0.14620003	0.63706124	-0.2285735	0.40561846	0.031249897999999998	0.61860526	0.07428346599999999	0.5092941	-0.18513384	-0.04713131	0.5166253	0.15036659	0.65710264	0.56353444	0.54650766	-0.007530363000000001	0.22701006	-0.27859205	-0.11226535
-0.10141228	-0.28022164	-0.40387854	0.1859629	-0.49523459999999997	0.06292457	0.3041683	0.43686506	0.14622791	0.37874305	0.20548192	-0.76312697	0.40638328	-0.38712296	0.48289073	-0.11149147	0.30869815	0.09407106	0.69772416	0.24246788	-0.018283093	0.11361877599999999	0.14099959	-0.20012851	-0.15072420000000003
0.014636696000000001	-0.21697398	-0.27545676	-0.29147068	0.0045157284	0.12384025	-0.053678464	0.70095366	-0.18964979999999998	0.39259943	-0.080878705	0.6229085999999999	0.21115774	0.49337029999999993	-0.33606625	-0.08347102	0.6034949000000001	0.31503987	0.5600874	0.6587276	0.29727554	0.051798776	0.18695588	-0.28492236	-0.032252777
0.46378050000000004	0.07197706	-0.74151844	-0.39193845	-0.8097665	-0.14058779999999999	0.07132766	0.36514688	-0.2802699	0.27722105	0.21491794	-0.63030636	-0.29364225	0.18755975	0.45541275	0.23152964	0.57349396	0.54087716	0.8646163	0.67359215	0.33250383	-0.20858653	0.45544812	0.06104146	-0.61627525
-0.14178622	-0.43558285	-0.7256395999999999	0.10556932	0.36433133	0.13742734	0.799335	0.61329544	-0.28383154	0.4005284	-0.11934585	0.30417216	-0.24069363	0.51048213	-0.30417907	-0.52657545	-0.12596159	0.14804089	-0.26908123	1.0664071000000002	0.6042065	0.15375307	-0.2668191	-0.9078854	-0.025081482000000002
-0.18509375	-0.22451970000000002	-0.5776929	0.09889549	0.18814316	0.09162284400000001	0.81821764	0.7466814	-0.31278670000000003	0.46556315	-0.064999186	0.46540555	-0.3019712	0.5582345999999999	-0.17045320000000003	-0.4608788	-0.20104535	0.09641285	-0.44433033	1.0104399	0.7470047	0.0067031463	-0.10953268	-1.1737235000000001	-0.022141187000000003
-0.16215597	-0.3630239	-0.38579294	-0.41503403	-0.0669373	0.37742004	-0.02889794	0.6445858	-0.22775854	0.27503496	0.27486634	0.3525213	0.15686670000000003	0.47003794	-0.083404325	-0.021333197	0.45450744	-0.03877525	0.58778095	0.49007475	0.33990207	0.2108347	-0.14532545	-0.16347535	0.22361518
-0.055348400000000006	-0.29552436	-0.67767227	0.07738427	0.30934462	0.021082472	0.7230274	0.7229561999999999	-0.28578177	0.39258635	0.009076488	0.32747933	-0.088014744	0.5707755999999999	-0.29578084	-0.4167332	-0.27261248	0.120680146	-0.4312114	0.93119556	0.82191503	0.11087686599999999	-0.096602924	-1.0411896999999999	-0.0034277841999999998
-0.04944503	-0.12441241	-0.101972185	-0.13949846	-0.37904796	-0.026989968	0.06412478	0.9178598	0.06565505	0.49561456	0.30941779999999997	-0.24259579	0.3693336	-0.10177515	0.22392465	0.08428569	0.25060820000000006	0.11563261	0.121311516	0.13105486	0.033820007	-0.026082817	0.022830622000000002	-0.06180758	0.26925611
-0.26368386	-0.4651153	-0.17527437	-0.19305068	-0.11445279	0.1330046	0.35131076	0.38525006	0.007007439	0.21174638	0.27571675	-0.07614007	0.23481448	-0.196502	0.026442577999999998	0.09090923	0.53901863	0.07812769	0.32602042	0.16068803	0.26500028	-0.17106627	0.5688104	-0.331031	-0.13496989999999998
0.5948352	0.6031469	-0.51246405	-0.5605766	-0.6736551	-0.38316935	0.21891296	0.6424946	-0.027777955	0.57800657	0.03671	-0.623971	-0.08495515599999999	0.19011252	0.23147939	0.52154356	0.6616349	0.9838884	0.54867613	0.7755820999999999	-0.018793037	-0.3151026	0.42473292	-0.21845956	-0.47687215
-0.39694609999999997	-0.009572505	-0.105189815	-0.7319467	-1.1313806	0.16620298	-0.12316964	1.0499756000000002	-0.5331296	0.031292528	0.52459437	0.17479214	0.33860874	-0.0573466	0.23082338	0.07623143	0.45047322	0.5531441999999999	0.55049944	-0.04745573	0.20649806	0.25309339999999997	-0.38661426	-0.026937227999999997	0.80111635
-0.3168199	-0.35643604	-0.2785264	-0.26738635	-0.17588823	0.22077125	0.4342817	0.2244799	-0.0073001897	0.17963518	0.08758003	-0.1564691	-0.0358218	-0.2308149	0.05467279	-0.08448963599999999	0.3754494	0.016293633999999998	0.51657605	0.38940293	0.39606467	-0.108833045	0.42920467	-0.27644315	-0.2702222
-0.11638976	-0.417202	-0.6837340999999999	0.0794556	0.27899736	0.0655561	0.819242	0.6879807	-0.35914436	0.27724054	-0.012982475	0.49782348	-0.14089885	0.46165863	-0.30249166	-0.6311068	-0.20673275	0.21739517	-0.39038828	0.9555497	0.87066627	0.17413877	-0.25341412	-1.0240551	0.03438376
-0.22353372	-0.12181631	-0.40612659999999995	-0.5119043	-0.08076389	0.07862946	-0.032977045	0.7527373	-0.43461624	0.25991917	0.18724531	0.7086635	-0.42086179999999995	0.70960915	-0.14507234	-0.21134359	0.22388177	0.03600277	0.6889141	0.6874055	0.7021826999999999	-0.24859937	0.19106688	-0.667776	0.047058314000000004
0.12541083	-0.20852387	-0.22192991	-0.018837575	-0.43108505	-0.04921819	0.2982661	0.6810601	0.14552225	0.4085362	0.23771611	-0.45833454	0.35747814	-0.38063422	0.3415438	0.28763178	0.37070128	0.16432863	0.06357789999999999	0.20708431	-0.054092996	-0.16806735	0.22482793	-0.3285282	-0.022538403
-0.41150102	-0.48159456	-0.08352372	-0.39083335	-0.12127711	0.22519463	0.6689999	0.5590776	-0.074666455	0.13541438	0.09018859	0.24203345	-0.030243909	-0.5046375	0.10055535	-0.05843939	0.37021473	-0.013024228	-0.14078964	0.2485369	0.3445487	-0.14514247	0.46379328	-0.4399982	-0.033373943999999996
0.08729452	0.054793167999999996	-0.31247813	-0.39597899999999997	-0.8812976	-0.085055634	0.24877370000000001	0.52979165	-0.11480431	0.34790936	0.13754563	-0.41795635	-0.24504903	-0.32081538	0.45764604	0.16920973	0.38055217	0.5251465999999999	0.26226914	0.39510146	0.14381199	-0.23622194	0.08697031	-0.33755076	-0.07746568
-0.12229094	-0.49871638	-0.23322561	-0.18252897	0.27342358	0.3395577	0.6020425	0.7424211	0.09107699	0.5287376	-0.09068262	-0.08546554	0.21590063	-0.04371335	0.08415999	0.14602305	0.1556182	-0.2100558	-0.05309591	0.52757615	0.005806724	0.18273532	-0.04014585	-0.11374464	0.13390271
0.37547228	0.17887177	-0.27820775	-0.30586416	-0.65355754	-0.19769612	0.23065619999999998	0.61670345	0.21537177	0.50476104	0.14140336	-0.68814194	-0.032337613	-0.24683306	0.29860944	0.37078273	0.4865313	0.35876626	0.44278590000000007	0.6734033	-0.08551875	-0.3579047	0.28327826	5.142149e-05	-0.32616425
-0.32878414	-0.2309866	0.32375556	-0.24518292	-0.11586651	0.16217557	0.28833506	1.1257167	-0.1632545	0.5152611	0.14789158	0.30376786	1.0642374	-0.06255682	-0.17751125	0.10794925	0.5057128	0.102065355	0.20184971	-0.081486315	0.14877342	0.21426220000000004	0.023555727999999998	-0.100035444	0.521399
-0.23994182	-0.8293351000000001	-0.28158388	-0.45354646	0.28217420000000004	0.6958045	0.28164179999999994	0.80470854	-0.07277972	0.6632316	0.05626006	0.6614066999999999	0.1903316	0.35872677	-0.18843396	-0.16902444	0.75600374	-0.023159307999999997	0.08023381	0.46645564	0.041921098	0.42101347	-0.33746502	-0.18565420000000002	0.3147946
-0.30030626	-0.65230244	-0.2582933	-0.31430949999999996	-0.15375309	0.4769981	0.49607593	0.6683776	-0.030101432999999997	0.34972316	0.27659717	0.06533007	0.63213533	-0.20462893	0.025564987	-0.10781776	0.5419819	0.007935198000000001	0.2972539	0.054328337000000004	-0.04486545	0.38236266	-0.40665868	-0.012131277	0.62288475
0.09547559	0.2206701	-0.42604354	-0.3362007	-0.48177078	0.06524978599999999	0.12821166	0.43713963	-0.24451348	0.5203065	-0.23914506	0.72507066	-0.5385392	0.5362876	-0.2393002	-0.3660873	0.2091532	0.32640323	0.6510876	1.1560903999999999	0.6625533	-0.43884170000000006	0.71440184	-0.6892592	-0.44736707
-0.17981966	-0.65709156	-0.113760866	-0.57314485	0.13488145	0.72826713	0.15478612	1.0074539	-0.10346345	0.4904785	0.18169935	0.6512209	0.50954866	0.24973	-0.13072214	0.13965653	0.8088751999999999	-0.08642364	0.29901943	0.2919241	0.054277547	0.31900328	-0.43664157	0.0743448	0.48339233
-0.024796724	0.0085108755	-0.085575186	-0.66910297	-0.56185603	0.14189851	0.43513057	0.43853417	0.15543954	0.013273729	0.43062377	0.16836417	-0.34507754	-0.12078333	0.11511332	0.028840886	0.36797076	0.11784298	0.18886486	0.5474083000000001	0.6452104000000001	-0.31592655	0.9265884	0.094032116	-0.22400579
-0.26418132	-0.108956985	0.13783424	0.32173166	-0.1573	-0.45399827	0.5319348	1.500521	0.46233726	0.6924875	0.29493	-0.6654691	0.6274031	-0.49690783	-0.035092164	0.03170485	-0.33419925	-0.7930122	-0.023768872000000003	0.52951634	0.34961683	-0.12278515	-0.31029415	0.2717016	0.26484844
-0.14963534	-0.67619276	-0.5650384	-0.22692259	0.31839478	0.053810023	0.45824440000000005	0.66759604	-0.27425304	0.48359007	-0.27799606	0.36732402	-0.13412486	0.36571717	-0.45476952	-0.4982710999999999	0.49790302	0.35708573	0.33572029999999997	0.71284753	0.05042269	0.30988765	-0.2812381	-0.32512979999999997	-0.060595747
-0.19526711	-0.39804518	-0.29472917	-0.41422826	0.12545863	0.30801162	0.60548353	0.77856886	-0.13512523	0.3812258	-0.032085545	0.018942215	0.113621645	0.06822978	0.053299595	0.042883742999999995	0.1810292	0.121021666	0.14067307	0.46541628	-0.20158228	0.23843926	-0.4119928	-0.055174347	0.28748676
-0.26878253	-0.20480338	-0.05695943	0.32017156	0.08770655	-0.26466298	0.39167854	1.4002308	0.34961329999999996	0.49109426	0.3373542	-0.6342884	0.8689962	-0.24645661	-0.1936507	0.074196085	-0.24403605	-0.7409009	0.12426153	0.42485282	0.36275032	-0.038716387000000005	-0.14353402	0.15853666	0.45268613
0.07828653	0.33505255	-0.2817852	-0.73019147	-0.80072707	-0.18584827	-0.064356446	0.71699715	-0.073092036	0.38352188	0.23495029999999997	-0.5692680999999999	-0.20503609	-0.1557444	0.47718227	0.534184	0.6181629	0.572196	0.656217	0.5290456	0.014026377	-0.34590706	0.15307063	-0.015312272	-0.13884014
-0.45507497	-0.5993184	-0.26791748	-0.33071405	0.22675902	0.5661357	0.75947547	0.6320720999999999	-0.08892347	0.6214571	-0.116095	0.093323976	0.3446845	-0.26488870000000003	0.11885193	0.04208819	0.2682791	-0.111027084	0.17436878	0.30833498	-0.14397049	0.34394082	-0.46335888	-0.31230694	0.27233407
-0.063381135	-0.65159214	-0.5590337	-0.27744016	0.37984365	0.07002067599999999	0.31596399999999997	0.7011744000000001	-0.312776	0.42106915	-0.20076178	0.23047341	-0.10662309	0.37723207	-0.40023035	-0.45598164	0.60692346	0.45441228	0.3402466	0.6860279	0.120195255	0.3628912	-0.30166644	-0.28980568	0.13237628
-0.049541272000000004	-0.18802062	-0.41179097	-0.29147494	-0.72965693	0.17914034	0.12105892	0.5861987	-0.19376789	0.35183144	0.31974646	-0.47659752	-0.15905711	-0.031963754	0.47534123	0.011327532	0.21652679	0.18790639999999997	0.18249217	0.43118405	0.0075643617	0.16921270000000002	-0.17835373	-0.07549762	0.210608
-0.28927705	-0.672134	-0.11185903	-0.12023295	0.35866620000000005	0.38625225	0.199364	1.044197	-0.050163	0.589226	0.09411391	0.09892142599999999	0.7556586999999999	0.20045021	-0.11381805	0.112634644	0.46449250000000003	-0.119399555	0.34843782	0.2604453	0.002598471	0.2710269	-0.41720113	0.0062065776	0.45428
-0.35858965	-0.86700004	0.09264909	-0.058203227999999996	0.17073885	0.6300434	0.5417881999999999	0.9033834000000001	0.18191703	0.66186184	0.008761859	0.12335154	0.712626	-0.41223735	-0.104740314	-0.025893906	0.4837486	-0.36865965	0.023498282000000002	0.07464349999999999	0.053636447000000004	0.16473675	-0.10788321	-0.07744965	0.49974132
-0.15915555	-0.5051348	-0.17612739	0.3731448	0.023031182999999997	-0.11306386	0.47639337	1.3210663	0.40618459999999995	0.5913311	0.29471132	-0.7601392	0.88164943	-0.3003749	-0.043637327999999996	-0.11510453400000001	-0.08989636	-0.6809459	0.3541632	0.43490517	-0.17805833	0.16531934	-0.39880776	0.36266714	0.42369622
0.20901039999999999	0.2367324	-0.18616831	-0.6550836999999999	-0.51058227	-0.065915406	0.5308797	0.511505	0.070627525	0.18701077	0.23374389	0.08641997	0.15143363	-0.15378606	-0.042600933	0.061030794000000006	0.36235917	0.76180786	0.18184175	0.44665453	0.15003489	-0.14589544	0.5993008000000001	0.036800900000000004	-0.26538724
-0.30834073	-0.11350178	-0.07540933	0.38213995	-0.5654916999999999	-0.39900362	0.32393998	0.9347078999999999	0.13485274	0.2581167	0.110652536	-0.7900953000000001	0.61356324	-0.6430665	0.08067116	-0.48744154	-0.035503417	0.113890626	0.13375159	0.23794946	0.32349196	0.13351010000000002	-0.21458015	-0.20824052	0.29351926
0.17681608	-0.5202100000000001	-0.19765958	-0.051786628	-0.13366471	0.42576882	0.2923795	0.73509717	0.3402134	0.6974289	0.27972856	-0.25526494	0.7651283	-0.09921835	-0.13978976	0.10512914	0.17576294	-0.27478173	0.3977868	0.23608506	-0.28755674	0.12828876	-0.078653425	0.10077323	0.35775159999999995
-0.4065497	-0.07111527	0.11579662	-0.52657545	-0.47965872	-0.07366959	0.056543275999999996	1.1740421	0.034067366	0.6497195	0.28138167	0.2841117	-0.559906	0.19557367	0.39214352	0.20756634	0.37806907	-0.33111167	0.27554315	0.48866090000000006	-0.27869278	-0.27780372	0.1376221	0.012945459	0.010636288
-0.15113069	-0.65430033	-0.40595624	-0.19627976	0.30963394	0.36422140000000003	0.47266567	0.5538189	-0.12338295	0.51909846	0.07361316	0.095851764	0.32512367	0.31585490000000005	-0.117319584	-0.06836902	0.27039108	0.12477412	0.00019668436000000003	0.51490855	0.045271095	0.36126620000000004	-0.21589604	-0.24784015	0.21291447
0.013985488999999999	-0.55845886	-0.34119174	-0.31250462	0.29123443	0.46951085	0.49907544	0.58848274	-0.023425333	0.6632286000000001	-0.10523969999999999	0.16629152	0.20665441	0.14470020000000003	0.041465424	0.11833105	0.26312897	0.020659357	-0.035753474	0.5983009	-0.08781261	0.2599926	-0.13547106	-0.24571854	0.056456357
-0.25736278	-0.15528798	0.16205382	0.503959	0.1420435	-0.78447	0.4874489000000001	1.9522523	0.37671125	0.54327625	0.48249653	-0.73256147	0.88059115	-0.23093583	-0.4058736	-0.042070184000000004	-0.32076132	-0.8483107	0.098252125	0.4943787	0.35555738	-0.33987334	-0.14613561	0.30172893	0.25705484
-0.07868946	-0.3013925	-0.46342266	-0.3551571	-0.26188649999999997	0.59266174	0.6914249	0.108027674	0.031661	0.08814672400000001	0.05464429	0.073076844	-0.5749021	-0.15243496	0.09117915	-0.09689509	0.22383739	-0.04064503	0.1716883	0.90460914	0.5204779	-0.17064936	0.43707055	-0.29397693	-0.20326239
0.1069566	-0.27360576	-0.29708773	-0.40670952	-0.86176825	0.11120387	0.10955372	0.45219505	-0.07841436	0.27746758	0.48635647	-0.6935406	0.37909392	-0.39293084	0.49977463	0.30925277	0.7037770999999999	0.48415303	0.7249515999999999	0.10077096	0.06868579	-0.043616354	0.16443177	0.034702763	0.107789546
-0.2753578	-1.0248669	-0.32976845	-0.08462939	-0.08723856	0.5950482	0.45003864	0.22183014	0.067294866	0.71318156	-0.0058264486	0.054918497999999996	0.36467254	-0.16472764	0.13737005	-0.3100185	0.83163077	0.1161344	0.43867913	0.12470692	0.0032070244	0.33686796	0.08967887	-0.1425524	-0.123877205
-0.0055080554000000006	-0.25095356	-0.4615391	-0.3070007	-0.8236525	0.41609618	0.36455640000000006	0.043976188	0.17143863	-0.062445343	0.5252201	-0.2917607	-0.24123219	-0.34409547	0.14123285	-0.09784881	0.3185103	-0.018104374	0.63906235	0.54568744	0.5776968000000001	-0.30914456	0.76145554	0.11692316	-0.16785222
-0.2973487	-0.79360163	-0.4805067	-0.15829739	-0.8323476000000001	0.59127307	-0.36925244	0.14344010000000001	0.11821778	0.2732167	0.89746696	-0.075766705	-0.53942436	0.10771425	0.119458884	-0.37958285	0.18629588	-0.5513100000000001	0.28821558	0.38860047	1.3287908000000002	-0.17776713	0.9130071	-0.5509554	0.09100335
-0.5234169	-0.9545658000000001	-0.41957328	0.08403535	-0.27415243	0.6313623	0.56450814	0.113722004	-0.14283808	0.06667922	0.17331302	-0.096454926	0.00149859	-0.5750187	-0.028030694	-0.48971742	0.11293968	-0.38359317	0.34468994	0.34967193	0.5824501	0.13824746	0.06807011	-0.3515828	0.12332978
0.22799164	0.18227138	-0.32030943	-0.7539749	-0.36608383	0.17724954	0.40281615	0.59860015	0.08355861	0.46112365	0.090094276	0.1098525	-0.29705057	0.21191123	0.23658511	0.37363443	0.3589108	0.17656915	0.51870066	0.8470215	-0.12489968	-0.25397024	0.40775883	0.27625623	-0.29125422
-0.044646233	0.11315773400000001	-0.49698398	-0.83761275	-0.23809139999999998	0.36897928	0.60569096	0.56898683	0.07449818400000001	0.24346095	0.10199148	0.18106484	-0.34705517	0.12857126	0.25868464	0.29687607	0.32916757	0.30676505	0.25611386	0.7427098000000001	-0.12856224	-0.089680806	0.15398484	0.05190673	-0.006327861999999999
-0.22158313	-0.66598177	-0.56829304	-0.19258039999999998	-0.23817037	0.6131451	0.37189648	0.09643276	-0.06463443	0.063844256	0.49691764	-0.074726455	-0.10867794	0.08327887	0.032159124	-0.16612402	0.10835661	-0.16788161	0.33034047	0.44533288	0.5187502	0.0152134625	0.28998083	-0.22108424	0.20688523
-0.19827595	-0.3650001	-0.0020749008	0.33753502	-0.28617698	-0.082650915	0.5243996	1.0874605	0.4322213	0.38036627	0.28344518	-0.59703106	0.8451373	-0.59218436	-0.07279552	-0.30768907	-0.07830465	-0.5036539000000001	0.17007896	0.29901564	0.16631755	0.069654055	-0.21596077	0.20340255	0.46405324
0.11347434	0.18666266	0.17468238	-0.7103901	-0.5118376	-0.2768685	0.6206596999999999	0.8852136	0.069995284	0.026300816	0.22872338	0.7956477	0.62217385	-0.57428765	-0.4250607	0.35083944	0.4348014	0.7618864000000001	-0.19080105	-0.027519517	0.7994864	-0.621026	0.8444026	-0.93700725	0.0578885
-0.29856375	-0.15115322	-0.17455637	0.35699385	-0.4933392	-0.47312352	0.35079014	0.9851184000000001	-0.26117063	-0.13831815	0.1898103	-0.7250478	0.67052096	-0.44897062	0.23875031	-0.30465254	-0.037970785	0.27494875	0.10422242	0.15515016	0.26385367	0.18067533	-0.3710746	-0.34020332	0.35362422
-0.005793659499999999	-0.32366246	-0.21936747	0.70932674	-0.2671208	-0.521369	0.5977244	1.2115891	0.37082905	0.25574726	0.49360147	-0.8704896000000001	0.7557046	-0.42856705	-0.18027543	-0.22376946	-0.3758577	-0.5031152	-0.07429806	0.37415165	0.29456220000000005	-0.15688911	-0.0023055212	-0.06552506	0.08315434
-0.015079624	-0.71759737	-0.046270095	0.029592304	0.018450709	0.26606566	0.45592558	0.9949212	0.06366107	0.40657645	0.06853593	-0.15687376	1.1046426999999999	-0.36819273	-0.04208397	0.0100381905	0.18474461	-0.21372066	0.35416406	0.09262332	0.057867265999999994	0.26765865	-0.56149024	0.009010371	0.51140463
0.017740892	0.013624995	-0.18024486	-0.3241429	-0.8709148000000001	-0.005990458000000001	0.548511	0.76910007	0.117616035	0.07011209	0.46318153	-0.33600396	0.18335935	-0.50040084	0.07727877	-0.048914853	0.16613786	0.13196112	0.43672547	0.26324564	-0.076171346	0.03015225	-0.31502113	0.17799975	0.23360442
-0.46886784	-0.5257453000000001	-0.38507766	-0.2814862	0.53765965	0.41370103	0.6929314999999999	0.68306255	0.0072773905000000005	0.5435388000000001	-0.16611882	0.35596046	-0.058242086	0.09361409400000001	-0.17804591	-0.025495077999999997	0.22791624	-0.16294515	0.14287332	0.6935324	-0.1301726	-0.052780632	-0.07658419	-0.33672112	-0.027171502
0.21328397	0.2572406	-0.02429934	-0.61839485	-1.1932042999999999	-0.25545642	0.6555401999999999	0.8127333999999999	-0.10570131	-0.26850012	0.33326134	-0.1997554	0.39441398	-0.88664806	0.0900225	0.10338885	0.42140746	0.8425396999999999	-0.18838342	0.15577097	0.42952082	-0.036201224	0.31875846	-0.17041498	0.15056583
0.14063492	0.30026576	-0.2841926	-0.56680405	-0.46378475	-0.06817369	0.23218271	0.49355420000000005	0.19797467	0.55772084	0.0057791890000000005	-0.5759622	-0.41576073	-0.45367947	0.36968088	0.5135278	0.44144276	0.40304092	0.24294834	0.8193809000000001	0.18415472	-0.44051440000000003	0.5118640999999999	-0.33505127	-0.37881848
0.17618349	0.06652479	0.16103782	-0.78880316	-0.61356705	-0.18879187	0.56288534	0.8252296	-0.14116289	0.018660833999999998	0.18004695	0.8100456	0.5541816999999999	-0.5430745	-0.43074095	0.3343455	0.45401976	0.82514805	-0.10498308	-0.06258179	0.8000357	-0.60921067	0.8942530000000001	-0.8494709	0.04496819
-0.20210928	-0.7412324	-0.43212315	-0.14236982	0.33180624	0.4281568	0.49556400000000006	0.61876374	-0.14603370000000002	0.54222435	0.070557706	0.114983775	0.35992023	0.38018525	-0.09359379	-0.06012786	0.31276688	0.014505934	0.13977186	0.44814235	-0.09725575	0.29127538	-0.26866797	-0.2941054	0.24030766
-0.331215	-0.26154740000000004	-0.10918036	-0.08175152	-0.020428678000000002	-0.018024463	0.23072582	0.8030853	-0.14816600000000002	-0.23659396	0.34225209999999995	0.34486300000000003	0.067459725	0.18730691	-0.41386956	-0.13580503	0.035323426	-0.21529675	-0.09392709	0.3912546	0.9922361999999999	-0.2523864	0.77997255	-0.4794309	0.13559264
-0.10688545599999999	-0.5050823	-0.22435118	-0.31039140000000004	-0.05515102	0.5745124	0.20635678	0.62157935	0.1625175	0.6849805	0.24471028	0.0651307	0.7389088	0.102243245	-0.16390546	0.05572135	0.40916747	-0.031108035	0.48942196	0.30366507	-0.22562636	0.28388888	-0.19289927	0.11811833	0.37338862
-0.31366593	-0.89155996	-0.50980437	-0.0044336556	-0.9117796	0.6526224	-0.33743212	0.11000349	0.07628232	0.36933178	0.8461312	0.03435429	-0.5727772	0.20064402	0.14919208	-0.5572155	0.23165771	-0.58148617	0.26396322	0.50211895	1.3505303999999998	-0.17682053	0.9330685	-0.6740058000000001	0.0013341389000000002
-0.06465092	-0.41808653	-0.04781093	-0.086710155	-0.26659358	0.36499637	-0.024714904	0.6355658000000001	0.2613558	0.73354423	0.32796326	-0.29899243	0.99436074	-0.055297185	-0.10221839	0.09846203	0.3016379	-0.09216909	0.6617571	0.28689083	-0.10998838400000001	0.20797776	0.05126473	0.24301654	0.36080559999999995
-0.42010012	-0.7499258000000001	-0.43936616	-0.15639856	-0.7953439	0.57090497	-0.29994524	0.19375035	-0.067448944	0.21519619	0.72683245	0.14772025	-0.5020236	0.20610237	-0.004604344000000001	-0.48323712	0.25195867	-0.39931333	0.28136623	0.45554265	1.3408798000000002	-0.17145622	0.89054096	-0.7050886	0.029914277000000003
-0.42672914	-0.7588316999999999	-0.5077229999999999	-0.14119168	-0.73959565	0.6692767	-0.21841536	0.15455188	0.036646795	0.24433585	0.67307997	0.10526233	-0.6036614	0.12566328	0.10892157	-0.44171962	0.18234998	-0.45536473	0.30292179999999996	0.59933215	1.3059835	-0.21153446	0.89282256	-0.67396176	0.023289531000000002
-0.25388137	0.051260278	0.25882047	0.047725555	0.30806217	-0.25669205	0.47130814	1.3337355	-0.13736974	0.38215458	0.13262773	0.43768084	0.9730733	0.25229007	-0.4619074000000001	0.20118962	-0.15166399	-0.17500983	-0.49083015	0.25901356	0.8201993000000001	-0.009991656	0.34003866	-0.6599944000000001	0.23774453
-0.23853625	-0.013661696000000001	0.23076117	-0.64197487	-0.29930037	0.22748000000000002	-0.04172713	1.2316544	0.15366267	1.0069215	0.06809995	0.34614095	-0.5462812	0.16491868	0.30015346	0.33832690000000004	0.44877303	-0.49109665	0.15550044	0.5854571999999999	-0.20119865	-0.28528735	0.1406196	0.026793922999999997	-0.04638997
0.32790938	0.12869516	-0.52508986	-0.5385581	-0.55514616	-0.21455729999999998	0.38291907	0.4805771	0.059660178	0.3791134	0.014895971000000001	-0.5387865	-0.31529403	-0.30617958	0.32056525	0.4692413	0.5815737	0.5587888000000001	0.6800539000000001	0.75574005	-0.05373021	-0.5400999	0.41223016	-0.054526307	-0.5762849
0.43013862	0.014845823999999999	-0.49020186	-0.30563253	-0.64209515	-0.039456878	0.40251663	0.4899473	-0.0006713126	0.2420464	0.36099875	-0.36695942	-0.11913324	0.0052195440000000004	0.2094031	0.09074793	0.22927198	0.27007645	0.22525509999999999	0.54725814	-0.011750353500000001	-0.1648145	0.116032146	0.13904442	-0.14022952
0.109880425	0.11331091	0.066582575	-0.6324503	-0.5260602	-0.17569706	0.7017926	0.74032813	0.026218854	0.08722819	0.09683837	0.5887756	0.5683434	-0.577519	-0.34164625	0.19345622	0.36511564	0.6867951999999999	-0.3097308	0.035563625	0.7197601	-0.4769667	0.75412107	-0.9402978999999999	0.073264375
-0.16135441	-0.2239319	-0.13035192	0.45912373	-0.30578990000000006	-0.32471213	0.36681432	1.2102892	0.49126026	0.3190199	0.38916528	-0.87392634	1.1746317	-0.46580052	-0.15631409	-0.19401175	-0.022522505	-0.31554517	0.46042532	0.31069887	-0.015210158	0.048295125	-0.13796231	0.2446103	0.47302225
-0.23041753	-0.62992364	-0.12213094	-0.094218485	-0.1467756	0.47276807	0.09523957	0.6655272	0.13856873	0.7230738	0.2599959	-0.30609646	0.6669279	-0.07317275599999999	-0.075748675	-0.08089658599999999	0.22817431	-0.19250515	0.46186563	0.28840736	-0.03038155	0.3858857	-0.25043327	0.09402819999999999	0.49672368
-0.26803306	-0.39656857	-0.4212901	0.06586536	-1.441062	0.07686497	0.49971350000000003	0.7200885	-0.09458487	-0.5357143	0.62499696	-0.67114574	0.2556075	-1.0475814	-0.07632348	-0.6381663000000001	0.2819966	0.40950729999999996	0.36800566	0.21405624	0.20699765	0.29680818	-0.30902568	0.043742925	0.7202121
0.061117045999999994	0.18656495	0.3054146	-0.6187274	-0.6135928	-0.15359002	0.5401632	0.9592715	0.10152462	0.14732996	0.1609874	0.6864464	0.52700406	-0.5287852	-0.5393805	0.13019186	0.33147955	0.5854215	-0.43638540000000003	0.04779249	0.7650805	-0.52896106	1.0446674999999999	-0.9141928	0.13715613
0.46077663	-0.19005544	-0.6690298000000001	-0.39625233	-0.7764279000000001	-0.11557856	0.42831257	0.61386436	-0.064952716	-0.27856827	0.41727605	-0.711976	0.012482623	-0.43313926	0.41652742	0.2720224	0.19029099	0.49950966	0.1678881	0.3869276	-0.022342728	0.0066984477	0.03251947	0.03726709	0.038558688
0.17230344	0.0525164	-0.41509694	-0.37821335	-1.1464065	0.05405076	0.49629120000000004	0.5711868	0.04383819	-0.14638576	0.30522028	-0.6593481	-0.16150519	-0.6257371	0.2516959	-0.016842388	0.29438259999999994	0.44744870000000003	0.13495114	0.6112993	0.10904981	0.020384131	-0.018903125	0.23088771	0.13399021
-0.053508647	-0.44988444	-0.18161492	-0.51378375	-0.25231529999999996	0.5358400999999999	0.05619822	0.5518736999999999	0.13062562	0.6822097	0.34143165	-0.042753677999999996	0.7004179	0.09973317400000001	-0.020163089	0.17549601	0.40303049999999996	0.021201149	0.75422513	0.16955735	-0.09003852	0.22437812	-0.19157849	0.1946899	0.35960403
-0.10267685	-0.5278304	-0.88272804	-0.0008800972999999999	0.21378946	-0.06821093	0.5090199000000001	0.24306141	-0.38708317	0.20478806	-0.089360245	-0.00613919	0.10001441	0.64067626	-0.13322668	-0.3065095	0.13199691	0.6159318	0.63855696	0.78853744	0.1832321	0.13850996	0.06367336	-0.61215466	-0.5402121
-0.07463364	-0.18309502	-0.19683910000000002	0.06903682	-0.9609436	-0.10092691	0.22925328	0.7700933000000001	-0.08593182	0.36720616	0.18180563	-0.760049	0.41531769999999996	-0.47384396	0.28395826	-0.2013178	-0.0869466	0.15817925	0.5724397	0.22266115	-0.123977326	0.13268548	-0.25532997	-0.09267563	0.2489924
0.4671746	0.17726684	-0.76596135	-0.48793948	-1.0379425	-0.24310179	0.48551017	0.58068377	-0.012722612	-0.09420904	0.39771545	-0.7871751	0.06815061	-0.40808547	0.504102	0.26163432	0.14375557	0.69499743	0.44943246	0.43385828	-0.11775307	0.0061285390000000006	-0.05114207	-0.054456342000000005	-0.106797926
0.59563625	-0.038665973	-0.45485708	-0.6180343	-0.7398684	0.16056524	0.5742768	0.45392781	0.32993424	0.4423504	0.29707113	-0.6650041	-0.15977134	-0.35499024	0.44818863	0.39051744	0.50363064	0.44470006	0.37456194	0.68400145	-0.28432536	-0.21382704	0.41431794	0.23265120000000003	-0.27899256
-0.17857146	0.05119667	-0.41949305	-0.2155032	-1.074252	-0.18417165	0.5832059	0.78544956	-0.15664934	-0.262911	0.34815967	-0.5845803	-0.023044052000000002	-0.67672145	0.18019870000000002	-0.24199791	0.14278367	0.36024204	0.378318	0.31248766	0.0071992906999999995	0.07844846	-0.5078127	0.022721738	0.40733504
-0.3945512	-0.31008032	0.20249982	-0.052258767000000005	-0.63900095	0.11645545	-0.20159660000000001	1.1440569	0.24537343	0.46780384	0.47344932	-0.45285764	0.79914385	-0.21781383	-0.08950612	-0.15928879999999998	0.43514913	-0.107647605	0.48207673	-0.04386429	0.22146033	0.13441728	-0.15620787	0.25349036	0.7268244
-0.4000613	-0.64179164	-0.43255353	-0.17878124	-0.24412093	0.36763573	0.24649084	0.40619716	-0.42682704	-0.14138457	0.35962212	0.5904590999999999	-0.40733466	0.39188296	-0.18138656	-0.33656165	0.18242174	-0.15848029	0.31077003	0.6164443000000001	1.1375221000000002	-0.26731676	0.7539885999999999	-0.67146206	0.05995121
-0.11372024	-0.26703033	-1.0293527	0.27391875	-0.076544195	-0.49160200000000004	0.68062437	0.46026075	-0.31159967	-0.18744494	0.17106664	-0.32200113	0.12684509	0.58922976	-0.1783246	-0.59765464	-0.18473117	0.75119567	0.47622252	0.6926073	-0.1059184	0.09330494	-0.24631333	-0.5854520999999999	-0.33972055
-0.32854968	-0.111627474	-0.10163106	-0.17739718	-1.2575816	0.09767927	0.34660019999999997	0.8731405999999999	-0.09340414400000001	0.09396066	0.5057335999999999	-0.39891509999999997	0.38224998	-0.46208012	-0.018142542	-0.44235262	0.26152524	0.04572951	0.40519863	0.24227788	0.04337062	0.36959267	-0.47584975	0.36503208	0.70634407
-0.114772044	0.013332628000000001	-0.0642707	-0.75861317	-0.6113887	0.29292086	0.0078673875	0.85451645	-0.21899669	0.26303798	0.28134295	0.38620448	-0.07650628	0.33046722	-0.013853556000000001	0.15902062	0.5367675999999999	0.13177674	0.75997835	0.52925485	-0.13249913	-0.0043234695000000005	-0.11656668	0.32688797	0.18030223
-0.0393076	-1.1681663999999998	-0.28531057	0.050994355	-0.13378377	0.69805694	0.7822952	0.35608736	0.06498598	0.5462324000000001	-0.046878487	-0.039168697	0.026776062000000003	-0.6785249	0.17283739	-0.45067123	0.32285255	-0.20539388	-0.2923515	0.5658228	0.04784305	0.32905619999999997	-0.22829258	-0.43350038	-0.08662454
0.57243985	0.0867569	-0.51626897	-0.5739834	-0.8199164000000001	0.101160705	0.6453245	0.30403066	0.43066362	0.56131005	0.17224619	-0.8759773999999999	-0.26220605	-0.48998450000000005	0.55128056	0.23707737	0.48861486	0.60708654	0.23992968	1.0095581	-0.11698993	-0.17466052	0.45549120000000004	0.19922374	-0.4898774
-0.24855848	-0.38081136	-0.40022579999999996	-0.101817794	0.031979814	0.018449869	0.9518571	0.6821520000000001	-0.21121533	0.11732181	0.02560684	0.026073886	-0.05467644	-0.28684434	0.25852463	-0.13530166	0.20768775	-0.009139016	0.2819435	0.3739126	-0.17194301	-0.10519339	-0.42293438	-0.31016153	-0.040650126
-0.118284665	-0.54821914	-0.28104916	-0.20313758	-0.13106571	0.53731585	0.28657892	0.48539704	0.15006301	0.5686484	0.29334426	-0.15658478	0.5775100999999999	0.042363368	-0.0691143	0.0049471115	0.2443792	-0.10568132	0.51504564	0.19830103	-0.1415872	0.21724424	-0.10633775	-0.0034922375	0.26964122
-0.38023373	-0.5959015000000001	-0.44737706	-0.19225886	0.11011641	0.5366407	0.7853045	0.48030314	-0.12872995	0.68293464	-0.37443766	0.100309715	-0.24030076	-0.31508392	0.3561021	-0.017440798	0.31587303	-0.18029119	-0.040487703	0.6191628	-0.15405281	0.14546598	-0.22445357	-0.722384	-0.16875018
0.49441138	-0.12757905	-0.39496055	-0.58213454	-0.8003561	0.22428827	0.59026706	0.29409355	0.35481492	0.5031222	0.17340113	-0.6653838000000001	-0.21692133	-0.5827034000000001	0.48575372	0.25254299999999996	0.5295528	0.48638630000000005	0.1684866	0.8301822	-0.062421742999999995	-0.18019912	0.3532843	0.23350322	-0.3132132
-0.33015296	0.04101681	-0.10114944	0.59274423	0.31456783	-0.8412526	0.41512957	2.4379756	0.42523286	1.0102017	0.8491934999999999	-0.9433555	1.000046	0.25088936	-0.42599347	0.18394041	-0.6886085999999999	-0.9526589	-0.6804701	0.70446354	0.7779838000000001	-0.07566282	-0.23383623	-0.24372377	0.49207667
-0.39147142	-0.63687736	-0.61291915	-0.16867203	-0.25991076	0.44079490000000005	0.16111676	0.3977478	-0.3739314	-0.33635613	0.58478063	0.47637615	-0.49555466	0.51406413	-0.15364973	-0.35497582	0.07189292	-0.22108406	0.25599429999999995	0.64846694	1.2765117	-0.14412199	0.6557837	-0.6563799	0.18034941
0.40131748	-0.056062352	-0.53377205	-0.5091877	-0.29311118	0.09465125	0.7138840999999999	0.52323496	-0.21939789	0.1074213	0.053788085	-0.25646713	-0.33512843	-0.0018426981	0.34098247	0.39391905	0.19434749999999998	0.38069066	0.016265599	0.6932332	-0.0039090165	-0.17724256	0.1505994	-0.14274581	-0.17212558
-0.07908474	-0.13183476	-0.19279532	-0.41189402	-0.30804121	0.05282753	0.15518239	0.8470924999999999	-0.040219102	0.27281526	0.32201195	0.20814365	0.06255792	0.41810653	-0.11674327400000001	0.031233085	0.34226609999999996	0.074837595	0.6793308000000001	0.4680054	-0.24936791	0.016491381	-0.13659726	0.28971586	0.022642417
0.1577854	0.35033634	-0.30062395	-0.6589480999999999	-0.3194175	-0.16494294	0.6408739999999999	0.6520090000000001	-0.091680914	-0.06858979	0.04959503	0.22566904	0.019442912	-0.020706441000000003	-0.13127752	0.28628814	0.3061743	0.73445654	-0.044030793	0.5188322	0.3380767	-0.2828845	0.7429606	-0.39890534	-0.27029163
0.40378484	-0.08869260000000001	-0.42226183	-0.54563063	-0.5194675	0.2832053	0.56666416	0.31062356	0.25309610000000005	0.34653783	0.09847401	-0.3483071	-0.101751685	-0.40980340000000004	0.32639176	0.2999015	0.22815952	0.25616473	0.24430247	0.705908	0.02499579	-0.14312649	0.34522107	0.069386564	-0.27185446
0.010662423999999998	0.17385252	-0.031229483	-0.13203643	0.037354913	-0.37385112	0.42367056	0.96749556	-0.29914325	0.0058664954	0.18755339999999998	0.5101958	0.40198353	0.46949723	-0.45176035	-0.078823455	0.11714331	0.5028759	-0.48307243	0.42291890000000004	0.73142445	-0.11478755	0.5678033	-0.743502	-0.08662719
-0.373229	-0.707038	-0.58150685	-0.12496477	-0.30677053	0.47878265	0.10928859	0.3449009	-0.28086862	-0.20800065	0.5346608	0.42238536	-0.5287376	0.48565410000000003	-0.119430445	-0.40305078	0.19900385	-0.23620278	0.24162965	0.7084104999999999	1.0905453999999999	-0.17678648	0.8184459	-0.52731156	0.08742014
-0.28197733	-0.5042325	-0.21796949	-0.25605520000000004	-0.020708399	0.26676244	0.8361155	0.5813443	0.0028742952000000003	0.40685245	-0.063877136	-0.059234325	0.08182455599999999	-0.5787180000000001	0.2572152	-0.050646345999999995	0.24079125	-0.24783278	0.083983086	0.36825964	-0.002939608	0.0018869534	-0.31707029999999997	-0.1710594	0.14596102
-0.09071384	-0.44329858	-0.2087436	0.4041123	0.29881158	0.070029	0.55874646	1.2393702	0.5234141	0.7356158	0.20533228	-0.7206722	0.78668106	-0.2774263	-0.053177256	0.025081435	0.0650043	-0.45313059999999994	-0.143799	0.36159253	-0.23362097	0.05398237	-0.21090649	0.0067467303	0.33810450000000003
-0.5507441999999999	-0.66289425	-0.43605658	-0.124617495	-0.20626853	0.5192612	0.06459542	0.42376557	-0.33243734	-0.08974803	0.53227466	0.5730083	-0.33746693	0.6337154	-0.36326206	-0.42191009999999995	0.21847603	-0.2277899	0.34956303	0.61222255	1.0630889	-0.09912874	0.7576264	-0.6350392	0.19987829
0.38623253	-0.1181079	-0.41263875	-0.5368031	-0.6686062	0.293225	0.6718563	0.24758156	0.42444378	0.44673999999999997	0.25154677	-0.67451006	-0.15693685	-0.63971704	0.52378064	0.2932755	0.41254827	0.27360842	0.24743557	0.81326085	-0.070213325	-0.14504656	0.32553843	0.20555626	-0.40448654
0.08260553	-0.544238	-0.74528944	-0.3137012	0.015754605	-0.028248645	0.36539188	0.3752399	-0.28633782	0.22352609	0.090587504	0.19706008	0.12111680000000001	0.6577905	-0.30077142	-0.23657206	0.2516978	0.57439643	0.74309903	0.43937784	0.038244188	0.13032281	0.0035366390000000003	-0.3851803	-0.32959467
-0.561279	-0.57936364	-0.19995247	-0.52025574	-0.23059814	0.70749074	-0.18827565	0.74420696	-0.19841248	0.099892385	0.58164626	0.66043717	-0.30078194	0.7427323	-0.36435285	-0.12837929	0.58704495	-0.36971977	0.6003406	0.5518444	0.48259863	-0.035652805	0.41990903	0.11521349	0.43735638
-0.46635625	-0.73006594	-0.5607609	-0.23907551	0.3595311	0.47685128	0.1659098	0.66048187	-0.41997266	0.40221557	0.21058244	0.5612216	0.016985576999999998	0.9249185999999999	-0.2997944	-0.19509548	0.31560809999999995	-0.08262528	0.44972035	0.6050915	0.37891853	0.25354865	-0.014806865	-0.5726287	0.07644276
-0.16059124	-0.56791574	-0.70503616	-0.19807263	0.34385398	0.18212451	0.29130253	0.6536816999999999	-0.52857506	0.1526116	0.1109432	0.55314505	-0.011965783999999998	1.0012969	-0.22161427	-0.18666297	0.16849807	0.19301839	0.45948255	0.6886319000000001	0.35230723	0.110814266	0.09942572599999999	-0.7687611999999999	-0.06437014
0.1810456	-0.80776966	-1.0361199	0.3369455	0.5818587	-0.34706396	1.4206201	0.35710573	-0.23397043	0.36894655	-0.45794985	-0.21054278	0.26471500000000003	0.33933994	-0.40983048	-0.7224118	-0.32098094	0.56067795	0.49673614	1.0410886000000001	0.5041749	0.16757438	0.08082344	-0.7595056	-1.138471
0.22847556	0.40456033	-0.22800949	-0.84851867	-0.5225832	-0.020721797	0.41964883	0.64116347	-0.07743385400000001	0.05847235	0.109668195	0.118586145	-0.14285786	-0.04020962	0.086153395	0.49551114	0.5536932	0.71148974	0.22450572	0.6192227	0.25935474	-0.4127215	0.8909090000000001	-0.1331942	-0.27928668
-0.26880208	-0.40893885	-0.8059826	0.017219786	0.21006697	-0.065550625	0.4488987	0.39392522	-0.5468059000000001	0.25572205	-0.15157324	0.3903988	-0.09609195	0.76373893	-0.28713134	-0.49529293	0.046159733	0.46737429999999996	0.65428394	0.8104739000000001	0.51512784	0.09553888	0.007048568000000001	-0.9639388000000001	-0.40575209999999995
0.5292453	-0.32220566	-0.49487722	-0.37988174	-0.44587645	-0.17346494	0.5744541999999999	0.3045215	0.05016705	0.49095379999999994	0.11988683	-1.2967349	-0.3326108	-0.54295844	0.64168143	0.4122723	0.67148507	0.5649228000000001	0.6246309	0.82484055	0.011220316000000001	-0.6008513000000001	0.8658035	0.04382839400000001	-0.72115535
-0.2629752	-0.46805814	-0.42453850000000004	-0.14436808	0.35119057	0.26945004	0.12670009	0.77829623	-0.51763195	0.36396393	0.08300507	0.58520913	0.100698024	0.9662712	-0.31313178	-0.18873067	0.19739722	0.07971963	0.38917378	0.7349878000000001	0.35736662	0.21044952	-0.12947269	-0.5587423	0.110251345
0.44717258	0.16760279999999997	-0.20235112	-0.51399595	-0.5677833000000001	0.19038893	0.13592866	0.40498132	0.27365409999999996	0.88281584	-0.035638962	-0.45452079999999995	-0.6537225	-0.15381858	0.28297502	0.42882943	0.5314559	0.18472394	0.39312148	1.0653845	0.055648103	-0.5319307	0.7117458000000001	-0.1538999	-0.58464926
0.24022987	0.49135329999999994	0.15988982	-0.87453175	-0.45591220000000005	-0.122439004	0.3588591	0.90585923	0.06735737	0.32197422	-0.07731300599999999	0.4830331	-0.10140956	-0.17101516	-0.08902146	0.51714516	0.5086694	0.51982707	-0.20028497	0.74183375	0.41014522	-0.5256622	0.988334	-0.18048187	-0.21004029
0.18567418	-0.015810698	0.18933034	0.14531603	-0.10124127599999999	-0.6954924	0.8452039000000001	1.2346095	-0.18266627	-0.11918249	0.08827948599999999	0.27398190000000006	0.64653087	-0.33193353	-0.44664090000000006	-0.18544425	0.06916945	0.45998982	-0.8113401	0.23214063	0.7134406999999999	-0.3310178	0.601087	-0.7785788	-0.086453624
-0.35608992	-0.13627242	-0.21126276	-0.11931464	-0.65001357	0.28184286	0.38732573	0.5741509	0.12843789	0.28773123	0.22605352	-0.31631872	0.40307796	-0.58380353	0.020969743	-0.14373995	0.44707236	0.041443612000000005	0.73858637	0.14106639	-0.17512198	0.029952867	-0.13274948	0.014433969	0.23297673
-0.028623412999999997	-0.53880477	0.09385989	0.56230754	-0.21495312	-0.10012595	0.44794536	1.3859107	0.7032206	0.4698969	0.44553068	-0.8119241	0.78130186	-0.57550085	-0.19573647	-0.23423839	-0.04408477	-0.709801	-0.2520832	0.49047253	0.31968123	-0.20890397	0.27249447	0.38778153	0.32341754
0.082436	-0.29198402	-0.7479494000000001	-0.2630542	0.24507034	0.025864717000000002	0.30019748	0.5095147	-0.47557297	0.22140369	0.0035258494	0.4432254	-0.14848518	0.90274817	-0.16940865	-0.04152633	0.15799485	0.38124084	0.45449975	0.8657331	0.40654194	-0.0007332991	0.15558225	-0.70095384	-0.25801468
-0.17111698	-0.27376392	-0.44015118	-0.39349455	-0.70251554	0.5508744999999999	-0.10705608	0.08548048	0.101085804	0.034738276	0.5371698	0.06475933	-0.30724663	0.07102612400000001	-0.10688724	-0.039894453999999996	0.31351084	-0.18829355	0.65774983	0.6116815999999999	0.91466254	-0.39422938	1.1081092	-0.15526487	0.06202723
0.44638476	-0.27225986	-0.8545591	-0.23984009999999997	-0.42791256	0.14384748	0.86846143	-0.26862344	0.35986808	0.5912812	0.03520197	-0.67247164	0.025763063	-0.42837079999999994	0.27370498	-0.26516938	0.33033457	0.6206778000000001	0.90202343	1.0172	0.119412065	-0.097810194	0.47669354	0.10500499	-0.9104379000000001
0.30647674	-0.4405103	-0.73477703	-0.27041587	0.028098136	-0.14554164	0.42300662	0.36617893	-0.14997931	0.40040377	-0.014991141999999999	0.012973907	0.040879425	0.46707034	-0.23155907	0.059113592	0.25239182	0.5389018	0.65227544	0.51526713	-0.09398166	-0.13678911	0.17751807	-0.26056755	-0.5646119
0.09085238	-0.016938355	-0.25966597	-0.5383359999999999	-0.7772286	0.19124721	0.5059952999999999	0.54252243	0.22582553	0.34434995	0.35783428	-0.31241438	0.2050656	-0.5071837	0.23879686	0.20860618	0.3223925	0.22422221	0.15888186	0.19588791	-0.11894091	-0.049977392	0.10524859	0.03143978	0.080547385
-0.21683931	-0.7272057	-0.6642575	-0.044332072	0.50294256	0.33338390000000007	0.45807284	0.65830964	-0.39400664	0.3286664	0.06278995	0.5243868	0.19593841	0.8481963	-0.3107491	-0.14501475	0.13212216	0.055550523	0.37090227	0.67108375	0.23074576	0.1879909	-0.14326887	-0.6679655	-0.06366172
-0.87871546	-0.7634345	0.061651856	-0.32034250000000003	-1.3403187	0.97828555	-0.04877404	0.2458495	-0.0688763	0.24879959	0.7346184	0.20313098	-0.029910823	-0.5444208	-0.09111459	-0.6608975	0.4622459	-0.6880925999999999	0.6185944999999999	0.21171343	1.105417	0.12619577	0.72432685	-0.1059142	0.58574843
-0.3026543	-0.03256887	0.069810376	-0.6223414	-0.44349834	0.14983444	0.0641979	1.1075157	-0.1464061	0.34919995	0.2712728	0.43965593	-0.15538713	0.41351613	-0.18936142	0.0108404895	0.53377146	-0.022228532000000002	0.54168636	0.5717253000000001	-0.24281415	-0.10014389	-0.08963527	0.39687318	0.2698095
-0.6553283000000001	-0.26685536	-0.37350774	-0.57277846	-0.2015956	0.5248738000000001	0.016932117	0.81686264	-0.38064858	0.51083654	0.28490353	0.67433	0.26788568	0.7882361999999999	-0.30907568	-0.09845279	0.4091437	-0.050208355999999996	0.7161794	0.35971729999999996	0.036303174	0.3679751	-0.31879112	-0.33993235	0.49012387
-0.33256644	-0.6819512	-0.4105115	-0.2684532	0.37062340000000005	0.43097162	0.26478267	0.580481	-0.59834063	0.43905827	0.0027353285999999997	0.53007174	0.12830807	0.8791163000000001	-0.22265632	-0.04669305	0.29388472	0.13637042	0.5070234	0.62881696	0.27912524	0.21463059	-0.080861785	-0.6618227	0.029227007000000003
-0.16259795	0.13470614	0.48848024	-0.6004156	-0.82365566	-0.17431478	0.6002719	1.0329382	-0.25416565	-0.14033937	0.11847247	0.2953623	0.9079738000000002	-0.8957954	-0.22858655	-0.046310674	0.54926676	0.7740441	-0.16694358	-0.07912523	0.6558719	-0.021517765	0.58426	-0.44080767	0.41195738
-0.24927792	0.05840747	-0.11534845	-0.43869993	-1.5719444	-0.06634739	0.05333619	0.9488394	-0.40623337	-0.14649747	0.56832004	-0.4043474	0.3671782	-0.38945305	0.32193765	-0.38931718	0.42320922	0.6652855	0.56820536	-0.06266746	0.17020059	0.30611306	-0.38083038	-0.007921408000000001	0.641933
-0.06036436	-0.6126169	0.21794738	0.9253298000000001	-0.07223696	-0.47327211	0.56467533	1.7216063999999998	0.61560285	0.59588265	0.25285468	-1.1438298	1.0748447	-0.7551309	-0.22538458	-0.43713135	-0.14574856	-0.8632216999999999	0.024223374	0.5736167	0.36089572	-0.25909185	0.22853734	0.22341628	0.23753667
0.091839	0.020498132	-0.57595086	-0.3106811	-0.24865766	-0.07957552	0.8304431999999999	0.39311084	-0.22567093	0.16789820000000003	-0.14964356	-0.18410872	-0.06882602	-0.05121819	0.2485913	0.01931529	0.036965296	0.52490807	0.20197475	0.6675452	-0.04751902	0.017648531000000002	-0.18488653	-0.41428828	-0.24686599
-0.13838297	0.26540896	0.05951978	-0.25647855	-0.77760893	-0.41325259999999997	0.6119479	0.8805487	0.07123413	-0.23920803	0.40447575	-0.1320273	0.7292496999999999	-0.550275	-0.13781336	-0.14393146	0.23842673	0.61306065	-0.1374207	-0.12336316	0.42401224	-0.054047458	0.51442075	-0.45132264	0.17260751
-0.48353696	-0.30870990000000004	0.22355749	-0.6698691999999999	-1.7741063999999998	0.45822617	-0.019695098	0.9028761999999999	-0.03374564	0.16453159	0.78236115	0.021541052999999998	0.50286144	-0.6981649999999999	0.0053908783	-0.38687512	0.6172484	0.40801308	-0.06846545	-0.27935606	0.55147886	0.29635283	0.1772374	-0.22862741	1.0045936
0.06283757	-0.15432084	-0.45586526	-0.3018074	-0.38215637	0.3354506	0.540511	0.43963623	0.40575376	0.48571533	0.26218933	-0.39325663	0.3750668	-0.30357940000000005	0.08534256	0.10594582599999999	0.35758656	0.10121865	0.40700927	0.31718028	-0.361815	-0.028689131	0.072062284	0.1270134	-0.00050320046
-0.123852566	-0.4353492	0.10957561	0.6939854	-0.12791601	-0.3669108	0.6609749	1.7479748	0.7412333000000001	0.44203112	0.5201842999999999	-1.0866868	1.0214169	-0.6867353	-0.21767567	-0.29734920000000004	-0.17266117	-0.71377194	-0.31982976	0.5190916	0.36024794	-0.18902336	0.12329401	0.26289209999999996	0.46602407
0.027201347	0.35155386	0.18703012	-0.62440103	-0.5117149999999999	-0.036945857	0.1317465	0.82646513	-0.16802853	0.16808964	0.04213813	0.71925104	0.40804026	0.13240425	-0.3806934	0.12645954	0.46211112	0.6307710999999999	-0.026113411	0.36416638	0.4748685	-0.21539794	0.7535877	-0.40990879999999996	0.04405203
0.16703333	-0.33439574	-0.5983204000000001	-0.18225603	-0.55889493	0.30827546	0.32464242	0.021435917999999998	0.14985599	0.35034585	0.117510945	-0.31284302	0.23818853	-0.21484198	0.10286955	-0.15637533	0.3351986	0.29420078	0.8307599	0.47949395	-0.0035138768	-0.056393154	0.34134236	0.014000442	-0.3669691
0.032880257999999996	0.03681447	-0.50570256	-0.41553822	-0.43306190000000006	0.18484879	0.36060393	0.33033198	0.044911068	0.121479355	0.12932876	-0.016235635	-0.110651374	-0.050825	0.12125442	0.07636327	0.25009242	0.22273049999999997	0.6539716	0.54732496	0.109198876	-0.24402723	0.38799179999999994	-0.091336496	-0.27693720000000005
0.35728794	-0.34537724	-0.47310904	-0.3527961	-0.5621027	0.26933414	0.34617892	0.11259175	0.27762717	0.70307523	0.17589913	-1.1310053999999998	-0.5661845999999999	-0.5114917	0.51848733	0.40019313	0.5294732	0.16489874	0.47668052	0.9558235	0.16964558	-0.49154255	0.98698467	0.014538772	-0.617833
-0.22299401	-0.21867689999999998	-0.50587296	-0.11775477	-0.034518827	-0.064408936	0.36634827	0.5583949	-0.64017856	0.14657292	-0.16855499999999998	0.56437355	-0.28023472	0.65051055	-0.19783129	-0.39702773	0.0038375556	0.41954103	0.10043422	0.9542700000000001	0.66963077	0.011729693999999999	0.22071002	-0.9051005999999999	-0.20725207
0.36459109999999995	0.24645254	0.13699037	-0.66205955	-0.7873083000000001	-0.43258998	0.54019135	0.98850214	-0.23348218	-0.13141006	0.16489464	0.19954726	0.49309397	-0.42684144	-0.244806	0.21046026	0.5939953	1.0600365	-0.3802784	0.16075581	0.42783973	-0.35056874	0.9543735999999999	-0.3877215	-0.039338157
0.2544331	-0.92245543	-0.7673681	0.13521618	0.52872854	-0.24313508	1.0413045	0.63202727	-0.44119582	0.20906445	-0.2220935	0.37374696	0.14418948	0.45084748	-0.42772627	-0.2900123	-0.010976482	0.43280047	0.117365256	0.6942526	0.32261404	-0.06692576	-0.007084968499999999	-1.0023217	-0.71852905
0.05799761	-0.3211594	-0.87034017	-0.08769868	-0.30217656	-0.0037431397999999998	0.6632993	-0.114720315	0.05087145	0.32399306	0.21853504	-0.62525034	0.11458187	-0.18613595	0.2761933	-0.35829413	0.16768195	0.45763886	1.0303525	0.6227029000000001	0.24726507	0.095900394	0.12912574	0.0077723344	-0.65774167
-0.18985312	-0.42639115	-0.6483581	-0.12019659	0.19663028	0.1596975	0.18650419	0.6816919	-0.49506006	0.26370585	0.15501137	0.6705495	-0.2953551	1.1730403	-0.4057814	-0.3116696	0.06104217	0.2393121	0.17851676	0.96892536	0.64878386	-0.019499717	0.41478837	-0.8482405000000001	-0.09964796
0.26647170000000003	-0.44431728	-0.56828886	-0.3104734	-0.69708	-0.08097412400000001	0.19470602	0.07794959	-0.22514279999999998	0.19651818	0.20389549999999998	-0.38159764	-0.23641674	-0.10615215	0.2714891	0.08118518	0.6195854000000001	0.67320263	0.8942201999999999	0.6385841	0.32135892	-0.3268836	1.0246122	-0.078550555	-0.6974255
0.045537617	0.061170023	-0.55921584	-0.48767555	-0.23332581	0.11479284599999999	0.07229638	0.42144117	-0.20805101	0.4334701	-0.041279018	0.2930937	0.03288465	0.62801415	-0.13541962	0.07731674	0.30609232	0.41655037	0.759891	0.73655295	-0.020554427	0.019072426	0.0828279	-0.2863256	-0.24385123
-0.08967749	-0.3828353	-0.26404384	0.09423897	0.32950357	0.07941677	0.5924136	1.1903458999999998	0.41856809999999994	0.7152788	0.18077227	-0.78297377	0.72411823	-0.28415313	0.19347739	0.39764485	-0.046689674	-0.5153612	0.2568488	0.36897367	-0.24700476	0.063192435	-0.41707745	0.11260598	0.28103590000000006
-0.35814068	-0.40049833	-0.49696434	-0.06591762599999999	-0.038797546	0.12878887	0.4315535	0.53800535	-0.06187822	0.29978386	0.18752855	-0.16958289	0.5155339	0.15122321	-0.107186556	-0.1955311	0.11876841	0.05827341	0.6998494000000001	0.32369499999999995	-0.21127054	0.32598764	-0.40363708	-0.14985058	0.16857924
-0.75360465	-0.4307833	-0.025636354	-0.62281716	-1.0335149	0.47399426	-0.25990810000000003	1.0465039	-0.40514225	0.20988375	0.67138493	0.40211022	0.31318018	0.25821134	-0.025867342999999998	-0.39871836	0.607734	0.06649402	0.32452759999999997	-0.13715522	0.48911867	0.5090359999999999	-0.29823428	-0.08390679	1.1053656
-0.15357420000000002	-0.14233676	-0.21770479	-0.40721625	-0.14086576	-0.062035075999999995	0.15049179999999998	0.90253997	-0.024704585	0.3501809	0.22160229	0.21461917	-0.6035555	0.44376459999999995	0.10906033	0.10615031	0.436406	-0.08295377	0.41125659999999997	0.71462446	-0.08764483	-0.39560029999999996	0.3170343	0.17853384	-0.16698112
-0.33354056	-0.08976401	0.1747952	0.64317405	0.10686257	-0.34275320000000004	0.4537562	1.5992044	0.6369289	0.62379026	0.41426490000000005	-0.45024163	0.94720614	-0.18566431	-0.49152815	0.015258032	-0.50319284	-1.0015973	-0.33141235	0.54949886	0.75193584	-0.32141978	0.39631572	-0.25647956	0.4004486
-0.1051627	-0.31137162	-0.1467493	0.61094946	0.16957137	-0.48426579999999997	0.5369986	1.6366673999999999	0.54463035	0.5767572	0.5028189000000001	-1.0792524	0.9509235	-0.31137726	-0.11915177	0.03711692	-0.41566426	-0.7181611999999999	-0.17576815	0.52575725	0.30979684	-0.13844392	-0.02728003	0.050133538	0.35107595
-0.32969996	-0.26268769999999997	0.131416	0.6508371000000001	0.14008929999999997	-0.3976855	0.20198251	1.7239968999999997	0.62780684	0.69229627	0.6342671999999999	-0.55701524	0.6646095999999999	-0.038491078	-0.43178174	0.04680326	-0.5974037	-1.1820928999999998	-0.40729740000000003	0.7385857	0.9134948	-0.39904213	0.32289395	-0.25761983	0.3939107
-0.08487166	-0.63697153	-0.61550546	-0.10007633	0.45331758	0.15901884	0.43466035	0.74971396	-0.55064005	0.35539509999999996	-0.07289861	0.6746721999999999	-0.30221727	0.92869556	-0.115567856	-0.1164434	0.14557979	0.10619460000000001	-0.02725631	0.9026436	0.5144077	-0.07692862	0.2929152	-0.98410314	-0.22504166
-0.21351620000000002	-0.50710875	-0.56850326	-0.04604844	0.37793064	0.034813628	0.4953872	0.72561324	-0.5131268	0.27314109999999997	-0.11033422	0.46921685	-0.32214236	0.71727127	-0.07789083599999999	-0.16481164	0.0016540685	0.12200936	-0.044237625	0.89437485	0.5562180999999999	-0.079441875	0.20044695	-0.9698799000000001	-0.16388343
0.16915646	-0.32187966	-0.64548326	-0.085647166	-0.5999346999999999	-0.0429833	0.48343077	0.17333099999999999	-0.046882864	0.026541524	0.20356268	-0.41161466	0.31488773	-0.20144752	0.20627289	-0.38879693	0.10183148	0.54141945	0.6572628	0.27399066	0.12304886400000001	0.06742799	0.14678694	-0.23966688	-0.20410997
0.03220865	-0.3064231	-1.1343066000000002	0.23621847	-0.68156815	-0.03218166	0.7982321	0.3841265	0.24026574	0.038249657	0.76900774	-1.0033226	0.42468357	0.08364723	0.44060636	-0.25747448	-0.25388446	0.14886741	1.1138647	0.15029757	-0.34688503	0.26614386	-0.33916482	-0.24116592	-0.31743118
-0.16168119	-0.49202108	0.02675585	0.8439941999999999	0.1294053	-0.45330226	0.29758886	1.9013455000000001	0.66387945	0.9456966999999998	0.5821116	-1.2627268	0.9569889000000001	-0.25782862	-0.108583905	-0.09537098599999999	-0.50855803	-1.0941747	-0.22287175	0.7622477	0.54722947	-0.14834760000000002	0.08221438	0.0848836	0.39308790000000005
-0.49759224	-0.07191448	0.071613684	0.61311203	0.19305505	-0.36334809999999995	0.35311872	1.7324263	0.6538895	0.61951834	0.6140100000000001	-0.5622714	0.9747716999999999	-0.05062381	-0.46968544	0.06903671	-0.63508606	-1.1259694	-0.29832947	0.57125676	0.88267434	-0.2722343	0.32539082	-0.29454765	0.5496057
0.06204514	-0.34216914	-0.5944844	-0.2518834	-0.7302422	0.23267266	0.39093783	0.11864279	0.041590415	0.14504986	0.29379279999999997	-0.31198913	0.23393792	-0.25683528	0.19740320000000003	-0.18552555	0.2630078	0.2958307	0.8489976	0.20381792	0.020595873	0.028495738	0.08389147	-0.05597283	-0.14674105
-0.06717545	0.1803886	-1.0058529	-0.09251530000000001	-0.5534941	-0.016793171000000003	0.5763146	0.26815325	0.22208846	0.34150240000000004	0.36302080000000003	-0.73591346	0.6869805	0.13934077	0.23133755	0.035341654	0.10359801	0.5415506999999999	1.5008348	0.3315577	-0.57608926	0.16303299999999998	-0.108439036	-0.27840364	-0.30200267
0.25478724	-0.83468527	-0.9390451999999999	0.32401106	0.45384124	-0.5693381999999999	1.1017706	0.75915855	-0.6625215999999999	-0.014533983	-0.09126051	0.21197194	-0.09785302	0.669502	-0.37153405	-0.46216807	-0.22332901	0.57415754	0.057777114000000004	0.9097278	0.6817844	-0.18382384	0.10687139999999999	-1.159455	-0.75220096
0.16670461	-1.0181893	-0.7859236999999999	0.35299709999999995	0.6285568	-0.39700982	1.0327374	0.8144213	-0.634882	0.14617807	-0.14026266	0.3908877	0.08967649	0.7084301	-0.4549193	-0.46180442	-0.15793851	0.31526983	0.083433494	0.90102166	0.63741654	-0.110671744	0.06863543400000001	-1.1513162000000001	-0.66911155
0.3772827	0.15498948	-0.72070956	-0.32273779999999996	-0.83529043	-0.41854703	0.36466107	0.5111501	-0.17472304	-0.06491872	0.22561586	-0.7601013000000001	0.45292879999999996	-0.3414502	0.38833615	0.2154703	0.41625533	0.9180879999999999	0.99025905	0.35220882	-0.087542295	-0.13617705	0.08604831	-0.07037344	-0.24351731
-0.1920943	-0.6256435	-0.7137401	0.06791339999999998	0.19892769	0.031668574	0.42800479999999996	0.5777576	-0.56533355	-0.04831309	0.13297416	0.41984606	-0.32787615	0.7251674	-0.22969325	-0.34353414	-0.062460914000000006	0.111404195	0.09375636	0.8337996999999999	0.8382923000000001	-0.11495939	0.345643	-0.9882726000000001	-0.15960415
-0.33162045	0.15866381	-0.7848822	0.07459249	-0.75215256	-0.11441066	0.46619648	0.4326215	0.034393158	0.015983094	0.40359035	-0.44078615	0.6278098000000001	0.1600144	-0.067834295	-0.41910866	0.0036626775	0.49087036	1.211964	0.16984765	-0.25057948	0.2880526	-0.3007172	-0.33407474	0.0070869294
-0.10905689	-0.71267134	-0.6774502	0.22041559	0.5688973	-0.11390584	0.7343189999999999	0.7937824	-0.58494884	0.03747596	-0.0048631066	0.39160594	-0.0073430063	0.7289234	-0.27032867	-0.32034492	-0.15655068	0.10728948	-0.15385102	0.8120383000000001	0.7760053000000001	-0.049536300000000005	0.15588849999999999	-1.0842113000000002	-0.24912019
0.0018198009	-0.71888024	-0.7760064	0.27567896	0.5287433000000001	-0.08833071599999999	0.7050135999999999	0.72407025	-0.46683082	0.24531308	-0.08009223	0.20174909	-0.092441395	0.76251453	-0.23471196	-0.39801773	-0.11717396	0.23103023	-0.11722505	0.9688663000000001	0.52080864	0.064903565	0.103730835	-1.0135136999999999	-0.3296672
0.59343296	-0.11383186	-0.5909101	-0.5364707	-0.5660421999999999	0.031573586	0.46644238	0.33189005	0.08913953599999999	0.33663023	0.2145446	-0.6772733	-0.047929317	-0.26816696	0.33486742	0.37984785	0.51182747	0.61447716	0.563466	0.5536251	-0.07266308	-0.37755468	0.5433281999999999	0.06564236400000001	-0.3844161
-0.08212106	-0.13554798	0.36516259999999995	0.7078395000000001	-0.20486902	-0.6316086999999999	0.38890857	1.8285004	0.535984	0.8279504000000001	0.5161641	-0.5689907	0.9747343	-0.36931008	-0.58151865	-0.16009296	-0.48679584	-0.62587035	-0.9564676	0.5391883000000001	0.69888467	-0.27983585	0.48618254	-0.33973238	0.3573858
-0.017241677	-0.7792788	-0.59351647	0.19762704	0.52016664	0.01112497	0.74661565	0.6753260999999999	-0.4886347	0.18067254	-0.04135519	0.40396303	-0.024391162999999997	0.57185644	-0.21552804	-0.28292954	-0.06309285	0.108928815	-0.20766357	0.77474546	0.63870543	-0.016769141	0.15805511	-1.0664003999999998	-0.27421826
0.21709429	-0.15097411	-0.25941060000000005	-0.3584991	-0.71688884	0.10031241	0.13807091	0.7552460999999999	0.272622	0.5413424	0.48516909999999996	-0.6401190999999999	0.3806007	-0.23221274	0.27845138	0.37443817	0.41635248	0.23661806	0.37105197	0.11212474	-0.50065225	0.026522694	-0.076486185	0.14144826	0.24241849999999998
0.07047780000000001	0.11108689	-0.5723132	-0.40942147	-0.29000786	0.0791266	0.040872734	0.24787499	-0.25469726	0.40310827	-0.016407281	0.25545895	-0.09613293	0.5662315	-0.042955115	0.030714221	0.23547216	0.37000352	0.9535544	0.85035765	0.34787154	-0.22680311	0.50190234	-0.38051108	-0.32195213
-0.2585865	-0.07458711	-0.29851523	0.00605586	-0.7674394	-0.09229414	0.2295637	0.6478808000000001	-0.07033156	0.039179362	0.33732325	-0.54903626	0.5571398	-0.28115422	0.0900324	-0.3305302	0.15205392	0.19847244	0.7188949	0.12001401	0.025132755	0.22141999	-0.29204816	-0.0055919653000000005	0.35313725
0.46713590000000005	0.26587775	-0.391779	-0.78898907	-1.0248808	0.11415262	0.3879388	0.42817829999999996	0.37060928	0.9135546	0.18273611	-0.93547434	-0.25002664	-0.58228874	0.5621271999999999	0.6567255	0.5874119999999999	0.5642121	0.56529367	0.9287728000000001	-0.12531735	-0.44315514	0.81060874	0.012897328999999999	-0.46840537
0.21006633	-0.49408343	-0.43483827	0.007246243	-0.026202934	0.17275786	0.37817058	0.5733429	-0.03215813	0.48571867	0.162936	-0.18063238	0.13767017	0.19036029999999998	0.08938778	-0.00081399875	0.37835443	0.120475724	0.045547082999999995	0.32212952	-0.06354847	0.054768622	0.0038107089	-0.19029857	0.009234144
-0.2638962	-0.71198034	-0.402384	-0.3182897	-0.9164324	0.61196256	-0.06783057	0.13911907	0.0042900243	-0.09629816	0.7384185999999999	0.079711616	-0.5971255999999999	-0.03730299	-0.08745476599999999	-0.3957843	0.3725013	-0.22048414	0.37956673	0.61215687	1.4220651000000002	-0.37330753	1.3649361	-0.36189590000000005	0.034673557
-0.5723409	0.3548428	0.018370608	0.39344653	0.45515429999999996	-0.5928781	0.38279662	1.6324105	0.2833288	0.44775403	0.43409717	-0.010444394000000001	1.0422076	0.34724545	-0.61161494	0.21841243	-0.61774546	-0.7201529999999999	-0.21905658	0.5618415	0.97589517	-0.3565709	0.5120908	-0.73416257	0.37815190000000004
0.0035880632	-0.64430803	-0.5943970999999999	0.23859605	0.4297487	-0.09795980000000001	0.65019166	0.6394731	-0.42761109999999997	0.12695518	0.022279255	0.26287282	0.06369461	0.5677826	-0.20818873	-0.28364927	-0.11024971	0.10863642	-0.05747703	0.7048260000000001	0.56151134	-0.01273128	0.1427424	-0.9463534	-0.26458642
0.0012881325	-0.7726856	-0.71464396	0.3173488	0.49637863	-0.1674015	0.6899568	0.6792766	-0.5397508000000001	0.030071767000000003	0.012439034	0.31524327	-0.1307221	0.700459	-0.31744176	-0.39136509999999997	-0.13559459	0.09211013	-0.029278792	0.8848723	0.7307948000000001	-0.11657903	0.23945743	-1.0164806999999998	-0.3297575
0.50681233	0.19328612	-0.5182467000000001	-0.6018026	-0.6310935000000001	-0.14109659	0.5050157999999999	0.50689894	0.05381761	0.3918685	0.11858788	-0.42753634	0.24755144	-0.22749439	0.23430029	0.5089087	0.34795406	0.6684675	0.6497156	0.41713473	-0.35530022	-0.28413975	0.21557984	-0.06265321	-0.29949197
-0.06422055	-0.08939466	-0.56908154	-0.18341547	-0.6594085	-0.15805534	0.27503484	0.17368005	-0.44128448	-0.040260423	0.00526311	-0.053767085	0.15775755	0.11949783	-0.0011134242	-0.5547658000000001	0.16808763	0.6925908000000001	1.069764	0.49883074	0.30954146	0.14444496	-0.06466655	-0.34374806	-0.18741693
0.09815080000000001	0.030159308	0.18147418	-0.4948536	-0.69205207	-0.15051794	0.49704108	0.91990817	-0.19824933	-0.07443522	0.20936272	0.47911096	0.37763578	-0.31312979999999996	-0.29725638	0.07646118	0.5528438	0.8088727	-0.42015059999999993	0.0235437	0.5945741999999999	-0.32749817	0.9684406999999999	-0.5877561	0.10934661
-0.3245467	-0.027008872000000003	0.09020252	-0.13494603	-1.6998659999999999	-0.08619727	0.22984670000000001	0.9306448	-0.17363900000000002	-0.15145260000000002	0.527185	-0.492187	0.8516466999999999	-0.9272235000000001	0.028757865	-0.5813068	0.3839687	0.40235412	0.60201615	-0.062197126	0.37545985	0.25173667	-0.19485070000000002	0.08437391	0.65936327
-0.28330985	-0.20560049	-0.34896573	-0.45244813	0.21141277	0.32082778	0.08382435	0.7632188	-0.20765403	0.44197917	0.23209366	0.5221925999999999	0.21164839	0.79423594	-0.26612544	0.17879027	0.34478658	0.022825861	0.50271374	0.52717745	0.08861627	0.058874518	-0.010435321	-0.27898	0.18646157
-0.15210567	-0.09418610000000001	-0.4391067	-0.40833816	0.0042860545	0.1806293	0.057467665999999994	0.6885005999999999	-0.27939433	0.19933726	0.25149557	0.5946314	0.20997408	0.82832146	-0.3044927	0.0059061109999999995	0.34159598	0.25889188	0.62374926	0.43673	0.13298826	0.05575585	0.12429917	-0.39111802	0.12374353
-0.25505546	-0.044996842999999995	-0.14335579	-0.24663553	-1.4842348	-0.25530934	0.5551170999999999	0.9432258	-0.2582584	-0.21667598	0.34822682	-0.62537795	0.6342220999999999	-0.9845936	0.3027073	-0.47528023	0.33868793	0.6097515	0.63006675	0.03508671	0.1889991	0.22047183	-0.38991046	0.03113451	0.41107604
0.015191063999999999	0.16747451	-0.3820667	-0.17764178	-0.14000067	-0.028598538	0.38967982	0.7983034000000001	0.18619461	0.44359738	0.20877835	-0.4057633	0.7202755999999999	-0.00039327904	0.0055935467	0.4144084	0.15266903	0.16926214	0.6150751	0.20424318	-0.46186140000000003	-0.02228915	-0.19119993	-0.10468425599999999	0.20033261
-0.05415419999999999	-0.29364276	-0.23019855	0.065578766	-0.36221582	0.28928035	0.23986332	0.5802654	0.3402127	0.29151258	0.4536005	-0.49320096	0.67208225	-0.22282797	-0.11130182	0.09688306599999999	0.21138611	-0.1270858	0.5832991999999999	0.15710655	0.051948898	-0.09702133	0.28750756	0.13478588	0.23895650000000002
-0.30142385	-0.46854296	0.0147145195	-0.4892611	0.2186013	0.40420467	0.19513738	0.95717883	-0.025908735	0.6011662	0.123846814	0.29630354	0.7502302	0.03866057	-0.12088305	0.27697688	0.44861546	-0.21753573	0.38036156	0.14597234	-0.032469767999999996	0.20011762	-0.24521583	-0.011964697	0.5794313
-0.034164384	-0.065747775	-0.1959878	-0.31379768	-0.46701834	0.19924748	0.039882693	0.5026484999999999	0.02834569	0.27477625	0.24856788	0.10616529	0.23687653	0.14854589999999998	-0.15939459	-0.035058886000000004	0.32558545	0.2626334	0.44628268	0.32434487	0.12090510000000002	0.0065487097	0.22378068	-0.16988045	0.08515531
0.55222374	-0.09764784	-0.57225066	-0.6036919	-0.48635298	0.048725072	0.4994772	0.2553562	0.016893083	0.41983876	0.028875283999999998	-0.35890803	-0.08629209	-0.18040438	0.28940773	0.34748974	0.39820322	0.662013	0.51973045	0.68971467	-0.021935523999999998	-0.25618789999999997	0.43199924	-0.06801915	-0.5118704000000001
0.54157364	0.06458896	-0.44617304	-0.6343898	-0.6338089	0.036878537	0.41896343	0.35937893	0.051701747	0.49801975	0.027645152000000003	-0.37477854	-0.08563883	-0.17645852	0.23509662	0.31245542	0.47131822	0.8317813000000001	0.29133624	0.6615707	-0.12854962	-0.15179783	0.350106	-0.057761118	-0.4209545
-0.015049913	0.03252646	-0.054365527000000004	0.07232149	-0.49533546	-0.22125825	0.30508292	1.0051831	0.36557990000000007	0.26619026	0.37134385	-0.69491273	0.7259726	-0.5086993	-0.017835222	0.120062135	0.15234379999999997	-0.101972975	0.30335104	0.12815158	0.0086058965	-0.21881172	0.14368126	0.19105315	0.25870034
0.40772465	-0.23267174	-0.6218883000000001	-0.42775017	-0.47268063	0.01681443	0.43861190000000005	0.18407391	-0.09548227	0.16576691	0.10352998	-0.4251927	0.11897262	-0.19572903	0.31926805	0.17067951	0.31894842	0.55994904	0.8230043	0.44984815	-0.011011796	-0.13234147	0.25533354	-0.04332447	-0.37093309999999996
-0.0854565	-0.021141779	-0.25436586	-0.262917	-0.48003218	0.15617965	-0.007439734	0.5879565	-0.09526183	0.18874097	0.22720952	0.11503253	0.26502919999999996	0.25901714	-0.15060465	-0.14317027	0.27701172	0.16600764	0.701702	0.33821028	0.077105515	0.10328857	-0.031386603	-0.018152019	0.16066095
0.015686711000000002	0.061787392999999996	-0.17656453	-0.09020818	-0.48751423	-0.028741727	0.27948064	0.7582951	0.22295196	0.38802958	0.26888257	-0.5391961	0.5658009	-0.24394725	0.055858932	0.1879544	0.22244863	0.08296088	0.5124835	0.16148521	-0.2506186	-0.09693846	0.064879835	0.04070863	0.24103920000000004
-0.019441167	-0.20254868	-0.52822006	-0.052965667	-0.44682217	0.086530045	0.4065009	0.28891245	0.12852174	0.26026198	0.21122886	-0.51013935	0.30069783	-0.21281965	0.19053257	-0.2185214	0.13946405	0.22547077	0.65239465	0.35372946	0.0040047364	0.1523116	-0.10304774	0.0010777647	-0.11817823
0.13284875	0.06146413	-0.25593057	-0.079587765	-0.3938032	-0.11168969999999999	0.34044424	0.73538095	0.2865513	0.28255448	0.33460959999999995	-0.6433382	0.5136523000000001	-0.26827140000000005	0.013599618	0.26265058	0.13562323	0.14676897	0.27073464	0.21522249999999998	-0.1743154	-0.18633713	0.17342274	0.041912198	0.19363841
-0.054581486	-0.15274949999999998	0.0026681195	-0.32530190000000003	-0.3154426	-0.3044524	0.33298236	1.0799504999999998	-0.005556834	0.28999126	0.34975594	-0.036532123	-0.15399401	-0.048173047999999996	0.11219453	0.10007248	0.3519355	0.03672625	0.18625677	0.31471682	-0.12932114	-0.2529454	0.023142423	0.14199157	-0.07592766
